-- phpMyAdmin SQL Dump
-- version 4.9.2
-- https://www.phpmyadmin.net/
--
-- Hôte : 127.0.0.1:3308
-- Généré le :  mer. 13 mai 2020 à 13:46
-- Version du serveur :  8.0.18
-- Version de PHP :  7.3.12

SET SQL_MODE = "NO_AUTO_VALUE_ON_ZERO";
SET AUTOCOMMIT = 0;
START TRANSACTION;
SET time_zone = "+00:00";


/*!40101 SET @OLD_CHARACTER_SET_CLIENT=@@CHARACTER_SET_CLIENT */;
/*!40101 SET @OLD_CHARACTER_SET_RESULTS=@@CHARACTER_SET_RESULTS */;
/*!40101 SET @OLD_COLLATION_CONNECTION=@@COLLATION_CONNECTION */;
/*!40101 SET NAMES utf8mb4 */;

--
-- Base de données :  `photoforyou`
--

-- --------------------------------------------------------

--
-- Structure de la table `achatcredit`
--

DROP TABLE IF EXISTS `achatcredit`;
CREATE TABLE IF NOT EXISTS `achatcredit` (
  `id_credit` int(11) NOT NULL AUTO_INCREMENT,
  `nom_offre` varchar(50) CHARACTER SET utf8mb4 COLLATE utf8mb4_0900_ai_ci NOT NULL,
  `prix_offre` float NOT NULL,
  `credit` int(11) NOT NULL,
  `formule` int(11) NOT NULL,
  PRIMARY KEY (`id_credit`)
) ENGINE=MyISAM AUTO_INCREMENT=7 DEFAULT CHARSET=utf8mb4 COLLATE=utf8mb4_0900_ai_ci;

--
-- Déchargement des données de la table `achatcredit`
--

INSERT INTO `achatcredit` (`id_credit`, `nom_offre`, `prix_offre`, `credit`, `formule`) VALUES
(1, 'Tiers 1', 5, 1, 0),
(2, 'Tiers 2', 25, 5, 0),
(3, 'Tiers 3', 50, 10, 0),
(4, 'Tiers 4', 125, 25, 0),
(5, 'Tiers 5', 249.99, 50, 0),
(6, 'Tiers 6', 489.99, 100, 0);

-- --------------------------------------------------------

--
-- Structure de la table `photobuy`
--

DROP TABLE IF EXISTS `photobuy`;
CREATE TABLE IF NOT EXISTS `photobuy` (
  `id` int(11) NOT NULL AUTO_INCREMENT,
  `id_photo` int(11) NOT NULL,
  `id_user` int(11) NOT NULL,
  `date_trans` date NOT NULL,
  `prix` int(11) NOT NULL,
  PRIMARY KEY (`id`)
) ENGINE=MyISAM AUTO_INCREMENT=490 DEFAULT CHARSET=utf8mb4 COLLATE=utf8mb4_0900_ai_ci;

--
-- Déchargement des données de la table `photobuy`
--

INSERT INTO `photobuy` (`id`, `id_photo`, `id_user`, `date_trans`, `prix`) VALUES
(1, 9, 10, '2000-00-00', 0),
(2, 0, 10, '2005-00-00', 45),
(3, 9, 10, '2010-00-00', 0),
(4, 2, 10, '2080-00-00', 8),
(5, 45128, 10, '0000-00-00', 0),
(6, 84562, 10, '0000-00-00', 0),
(7, 58591779, 10, '0000-00-00', 0),
(8, 327768430, 10, '0000-00-00', 0),
(9, 1, 10, '0000-00-00', 3),
(10, 0, 10, '0000-00-00', 45),
(11, 9, 10, '0000-00-00', 0),
(12, 2, 10, '0000-00-00', 8),
(13, 45128, 10, '0000-00-00', 0),
(14, 84562, 10, '0000-00-00', 0),
(15, 58591779, 10, '0000-00-00', 0),
(16, 327768430, 10, '0000-00-00', 0),
(17, 1, 10, '0000-00-00', 3),
(18, 0, 10, '0000-00-00', 45),
(19, 9, 10, '0000-00-00', 0),
(20, 2, 10, '0000-00-00', 8),
(21, 45128, 10, '0000-00-00', 0),
(22, 84562, 10, '0000-00-00', 0),
(23, 58591779, 10, '0000-00-00', 0),
(24, 327768430, 10, '0000-00-00', 0),
(25, 1, 10, '0000-00-00', 3),
(26, 0, 10, '0000-00-00', 45),
(27, 9, 10, '0000-00-00', 0),
(28, 2, 10, '0000-00-00', 8),
(29, 45128, 10, '0000-00-00', 0),
(30, 84562, 10, '0000-00-00', 0),
(31, 58591779, 10, '0000-00-00', 0),
(32, 327768430, 10, '0000-00-00', 0),
(33, 1, 10, '0000-00-00', 3),
(34, 0, 10, '0000-00-00', 45),
(35, 9, 10, '0000-00-00', 0),
(36, 2, 10, '0000-00-00', 8),
(37, 45128, 10, '0000-00-00', 0),
(38, 84562, 10, '0000-00-00', 0),
(39, 58591779, 10, '0000-00-00', 0),
(40, 327768430, 10, '0000-00-00', 0),
(41, 1, 10, '0000-00-00', 3),
(42, 0, 10, '0000-00-00', 45),
(43, 9, 10, '0000-00-00', 0),
(44, 2, 10, '0000-00-00', 8),
(45, 45128, 10, '0000-00-00', 0),
(46, 84562, 10, '0000-00-00', 0),
(47, 58591779, 10, '0000-00-00', 0),
(48, 327768430, 10, '0000-00-00', 0),
(49, 1, 10, '0000-00-00', 3),
(50, 0, 10, '0000-00-00', 45),
(51, 9, 10, '0000-00-00', 0),
(52, 2, 10, '0000-00-00', 8),
(53, 45128, 10, '0000-00-00', 0),
(54, 84562, 10, '0000-00-00', 0),
(55, 58591779, 10, '0000-00-00', 0),
(56, 327768430, 10, '0000-00-00', 0),
(57, 1, 10, '0000-00-00', 3),
(58, 0, 10, '0000-00-00', 45),
(59, 9, 10, '0000-00-00', 0),
(60, 2, 10, '0000-00-00', 8),
(61, 45128, 10, '0000-00-00', 0),
(62, 84562, 10, '0000-00-00', 0),
(63, 58591779, 10, '0000-00-00', 0),
(64, 327768430, 10, '0000-00-00', 0),
(65, 1, 10, '0000-00-00', 3),
(66, 0, 10, '0000-00-00', 45),
(67, 9, 10, '0000-00-00', 0),
(68, 2, 10, '0000-00-00', 8),
(69, 45128, 10, '0000-00-00', 0),
(70, 84562, 10, '0000-00-00', 0),
(71, 58591779, 10, '0000-00-00', 0),
(72, 327768430, 10, '0000-00-00', 0),
(73, 1, 10, '0000-00-00', 3),
(74, 0, 10, '0000-00-00', 45),
(75, 9, 10, '0000-00-00', 0),
(76, 2, 10, '0000-00-00', 8),
(77, 45128, 10, '0000-00-00', 0),
(78, 84562, 10, '0000-00-00', 0),
(79, 58591779, 10, '0000-00-00', 0),
(80, 327768430, 10, '0000-00-00', 0),
(81, 1, 10, '0000-00-00', 3),
(82, 0, 10, '0000-00-00', 45),
(83, 1, 10, '0000-00-00', 3),
(84, 2, 10, '0000-00-00', 8),
(85, 3, 10, '0000-00-00', 0),
(86, 9, 10, '0000-00-00', 0),
(87, 0, 10, '0000-00-00', 45),
(88, 1, 10, '0000-00-00', 3),
(89, 2, 10, '0000-00-00', 8),
(90, 3, 10, '0000-00-00', 0),
(91, 9, 10, '0000-00-00', 0),
(92, 0, 10, '0000-00-00', 45),
(93, 1, 10, '0000-00-00', 3),
(94, 2, 10, '0000-00-00', 8),
(95, 3, 10, '0000-00-00', 0),
(96, 9, 10, '0000-00-00', 0),
(97, 0, 10, '0000-00-00', 45),
(98, 1, 10, '0000-00-00', 3),
(99, 2, 10, '0000-00-00', 8),
(100, 3, 10, '0000-00-00', 0),
(101, 9, 10, '0000-00-00', 0),
(102, 0, 10, '0000-00-00', 45),
(103, 1, 10, '0000-00-00', 3),
(104, 2, 10, '0000-00-00', 8),
(105, 3, 10, '0000-00-00', 0),
(106, 9, 10, '0000-00-00', 0),
(107, 0, 10, '0000-00-00', 45),
(108, 1, 10, '0000-00-00', 3),
(109, 2, 10, '0000-00-00', 8),
(110, 3, 10, '0000-00-00', 0),
(111, 9, 10, '0000-00-00', 0),
(112, 0, 10, '0000-00-00', 45),
(113, 1, 10, '0000-00-00', 3),
(114, 2, 10, '0000-00-00', 8),
(115, 3, 10, '0000-00-00', 0),
(116, 9, 10, '0000-00-00', 0),
(117, 0, 10, '0000-00-00', 45),
(118, 1, 10, '0000-00-00', 3),
(119, 2, 10, '0000-00-00', 8),
(120, 3, 10, '0000-00-00', 0),
(121, 9, 10, '0000-00-00', 0),
(122, 0, 10, '0000-00-00', 45),
(123, 1, 10, '0000-00-00', 3),
(124, 2, 10, '0000-00-00', 8),
(125, 3, 10, '0000-00-00', 0),
(126, 9, 10, '0000-00-00', 0),
(127, 0, 10, '0000-00-00', 45),
(128, 1, 10, '0000-00-00', 3),
(129, 2, 10, '0000-00-00', 8),
(130, 3, 10, '0000-00-00', 0),
(131, 9, 10, '0000-00-00', 0),
(132, 0, 10, '0000-00-00', 45),
(133, 1, 10, '0000-00-00', 3),
(134, 2, 10, '0000-00-00', 8),
(135, 3, 10, '0000-00-00', 0),
(136, 9, 10, '0000-00-00', 0),
(137, 0, 10, '0000-00-00', 45),
(138, 1, 10, '0000-00-00', 3),
(139, 2, 10, '0000-00-00', 8),
(140, 3, 10, '0000-00-00', 0),
(141, 9, 10, '0000-00-00', 0),
(142, 0, 10, '0000-00-00', 45),
(143, 1, 10, '0000-00-00', 3),
(144, 2, 10, '0000-00-00', 8),
(145, 3, 10, '0000-00-00', 0),
(146, 0, 10, '0000-00-00', 45),
(147, 1, 10, '0000-00-00', 3),
(148, 2, 10, '0000-00-00', 8),
(149, 3, 10, '0000-00-00', 0),
(150, 0, 10, '0000-00-00', 45),
(151, 1, 10, '0000-00-00', 3),
(152, 2, 10, '0000-00-00', 8),
(153, 3, 10, '0000-00-00', 0),
(154, 0, 10, '0000-00-00', 45),
(155, 1, 10, '0000-00-00', 3),
(156, 2, 10, '0000-00-00', 8),
(157, 3, 10, '0000-00-00', 0),
(158, 0, 10, '0000-00-00', 45),
(159, 1, 10, '0000-00-00', 3),
(160, 2, 10, '0000-00-00', 8),
(161, 3, 10, '0000-00-00', 0),
(162, 0, 10, '0000-00-00', 45),
(163, 1, 10, '0000-00-00', 3),
(164, 2, 10, '0000-00-00', 8),
(165, 3, 10, '0000-00-00', 0),
(166, 0, 10, '0000-00-00', 45),
(167, 1, 10, '0000-00-00', 3),
(168, 2, 10, '0000-00-00', 8),
(169, 3, 10, '0000-00-00', 0),
(170, 0, 10, '0000-00-00', 45),
(171, 1, 10, '0000-00-00', 3),
(172, 2, 10, '0000-00-00', 8),
(173, 3, 10, '0000-00-00', 0),
(174, 0, 10, '0000-00-00', 45),
(175, 1, 10, '0000-00-00', 3),
(176, 2, 10, '0000-00-00', 8),
(177, 3, 10, '0000-00-00', 0),
(178, 0, 10, '0000-00-00', 45),
(179, 1, 10, '0000-00-00', 3),
(180, 2, 10, '0000-00-00', 8),
(181, 3, 10, '0000-00-00', 0),
(182, 0, 10, '0000-00-00', 45),
(183, 1, 10, '0000-00-00', 3),
(184, 2, 10, '0000-00-00', 8),
(185, 3, 10, '0000-00-00', 0),
(186, 10, 10, '0000-00-00', 0),
(187, 5555, 10, '0000-00-00', 65),
(188, 45128, 10, '0000-00-00', 0),
(189, 84562, 10, '0000-00-00', 0),
(190, 41932046, 10, '0000-00-00', 0),
(191, 58591779, 10, '0000-00-00', 0),
(192, 327768430, 10, '0000-00-00', 0),
(193, 0, 10, '0000-00-00', 45),
(194, 1, 10, '0000-00-00', 3),
(195, 2, 10, '0000-00-00', 8),
(196, 3, 10, '0000-00-00', 0),
(197, 10, 10, '0000-00-00', 0),
(198, 5555, 10, '0000-00-00', 65),
(199, 45128, 10, '0000-00-00', 0),
(200, 84562, 10, '0000-00-00', 0),
(201, 41932046, 10, '0000-00-00', 0),
(202, 58591779, 10, '0000-00-00', 0),
(203, 327768430, 10, '0000-00-00', 0),
(204, 0, 10, '0000-00-00', 45),
(205, 1, 10, '0000-00-00', 3),
(206, 2, 10, '0000-00-00', 8),
(207, 3, 10, '0000-00-00', 0),
(208, 10, 10, '0000-00-00', 0),
(209, 5555, 10, '0000-00-00', 65),
(210, 45128, 10, '0000-00-00', 0),
(211, 84562, 10, '0000-00-00', 0),
(212, 41932046, 10, '0000-00-00', 0),
(213, 58591779, 10, '0000-00-00', 0),
(214, 327768430, 10, '0000-00-00', 0),
(215, 0, 10, '0000-00-00', 45),
(216, 1, 10, '0000-00-00', 3),
(217, 2, 10, '0000-00-00', 8),
(218, 3, 10, '0000-00-00', 0),
(219, 10, 10, '0000-00-00', 0),
(220, 5555, 10, '0000-00-00', 65),
(221, 45128, 10, '0000-00-00', 0),
(222, 84562, 10, '0000-00-00', 0),
(223, 41932046, 10, '0000-00-00', 0),
(224, 58591779, 10, '0000-00-00', 0),
(225, 327768430, 10, '0000-00-00', 0),
(226, 0, 10, '0000-00-00', 45),
(227, 1, 10, '0000-00-00', 3),
(228, 2, 10, '0000-00-00', 8),
(229, 3, 10, '0000-00-00', 0),
(230, 10, 10, '0000-00-00', 0),
(231, 5555, 10, '0000-00-00', 65),
(232, 45128, 10, '0000-00-00', 0),
(233, 84562, 10, '0000-00-00', 0),
(234, 41932046, 10, '0000-00-00', 0),
(235, 58591779, 10, '0000-00-00', 0),
(236, 327768430, 10, '0000-00-00', 0),
(237, 0, 10, '0000-00-00', 45),
(238, 1, 10, '0000-00-00', 3),
(239, 2, 10, '0000-00-00', 8),
(240, 3, 10, '0000-00-00', 0),
(241, 10, 10, '0000-00-00', 0),
(242, 5555, 10, '0000-00-00', 65),
(243, 45128, 10, '0000-00-00', 0),
(244, 84562, 10, '0000-00-00', 0),
(245, 41932046, 10, '0000-00-00', 0),
(246, 58591779, 10, '0000-00-00', 0),
(247, 327768430, 10, '0000-00-00', 0),
(248, 0, 10, '0000-00-00', 45),
(249, 1, 10, '0000-00-00', 3),
(250, 2, 10, '0000-00-00', 8),
(251, 3, 10, '0000-00-00', 0),
(252, 10, 10, '0000-00-00', 0),
(253, 5555, 10, '0000-00-00', 65),
(254, 45128, 10, '0000-00-00', 0),
(255, 84562, 10, '0000-00-00', 0),
(256, 41932046, 10, '0000-00-00', 0),
(257, 58591779, 10, '0000-00-00', 0),
(258, 327768430, 10, '0000-00-00', 0),
(259, 0, 10, '0000-00-00', 45),
(260, 1, 10, '0000-00-00', 3),
(261, 2, 10, '0000-00-00', 8),
(262, 3, 10, '0000-00-00', 0),
(263, 10, 10, '0000-00-00', 0),
(264, 5555, 10, '0000-00-00', 65),
(265, 45128, 10, '0000-00-00', 0),
(266, 84562, 10, '0000-00-00', 0),
(267, 41932046, 10, '0000-00-00', 0),
(268, 58591779, 10, '0000-00-00', 0),
(269, 327768430, 10, '0000-00-00', 0),
(270, 0, 10, '0000-00-00', 45),
(271, 1, 10, '0000-00-00', 3),
(272, 0, 10, '0000-00-00', 45),
(273, 1, 10, '0000-00-00', 3),
(274, 0, 10, '0000-00-00', 45),
(275, 1, 10, '0000-00-00', 3),
(276, 0, 10, '0000-00-00', 45),
(277, 1, 10, '0000-00-00', 3),
(278, 0, 10, '0000-00-00', 45),
(279, 1, 10, '0000-00-00', 3),
(280, 2, 10, '0000-00-00', 8),
(281, 3, 10, '0000-00-00', 0),
(282, 0, 10, '0000-00-00', 45),
(283, 1, 10, '0000-00-00', 3),
(284, 2, 10, '0000-00-00', 8),
(285, 3, 10, '0000-00-00', 0),
(286, 0, 10, '0000-00-00', 45),
(287, 1, 10, '0000-00-00', 3),
(288, 2, 10, '0000-00-00', 8),
(289, 3, 10, '0000-00-00', 0),
(290, 0, 10, '0000-00-00', 45),
(291, 1, 10, '0000-00-00', 3),
(292, 2, 10, '0000-00-00', 8),
(293, 3, 10, '0000-00-00', 0),
(294, 0, 10, '0000-00-00', 45),
(295, 1, 10, '0000-00-00', 3),
(296, 2, 10, '0000-00-00', 8),
(297, 3, 10, '0000-00-00', 0),
(298, 0, 10, '0000-00-00', 45),
(299, 1, 10, '0000-00-00', 3),
(300, 0, 10, '0000-00-00', 45),
(301, 1, 10, '0000-00-00', 3),
(302, 0, 10, '0000-00-00', 45),
(303, 1, 10, '0000-00-00', 3),
(304, 0, 10, '0000-00-00', 45),
(305, 1, 10, '0000-00-00', 3),
(306, 2, 10, '0000-00-00', 8),
(307, 0, 10, '0000-00-00', 45),
(308, 1, 10, '0000-00-00', 3),
(309, 2, 10, '0000-00-00', 8),
(310, 3, 10, '0000-00-00', 0),
(311, 9, 10, '0000-00-00', 0),
(312, 10, 10, '0000-00-00', 0),
(313, 0, 10, '0000-00-00', 45),
(314, 1, 10, '0000-00-00', 3),
(315, 2, 10, '0000-00-00', 8),
(316, 3, 10, '0000-00-00', 0),
(317, 9, 10, '0000-00-00', 0),
(318, 10, 10, '0000-00-00', 0),
(319, 5555, 10, '0000-00-00', 65),
(320, 0, 10, '0000-00-00', 45),
(321, 1, 10, '0000-00-00', 3),
(322, 2, 10, '0000-00-00', 8),
(323, 3, 10, '0000-00-00', 0),
(324, 9, 10, '0000-00-00', 0),
(325, 10, 10, '0000-00-00', 0),
(326, 5555, 10, '0000-00-00', 65),
(327, 0, 10, '0000-00-00', 45),
(328, 1, 10, '0000-00-00', 3),
(329, 2, 10, '0000-00-00', 8),
(330, 3, 10, '0000-00-00', 0),
(331, 9, 10, '0000-00-00', 0),
(332, 10, 10, '0000-00-00', 0),
(333, 5555, 10, '0000-00-00', 65),
(334, 0, 10, '0000-00-00', 45),
(335, 1, 10, '0000-00-00', 3),
(336, 2, 10, '0000-00-00', 8),
(337, 3, 10, '0000-00-00', 0),
(338, 0, 10, '0000-00-00', 45),
(339, 1, 10, '0000-00-00', 3),
(340, 2, 10, '0000-00-00', 8),
(341, 3, 10, '0000-00-00', 0),
(342, 9, 10, '0000-00-00', 0),
(343, 0, 10, '0000-00-00', 45),
(344, 1, 10, '0000-00-00', 3),
(345, 2, 10, '0000-00-00', 8),
(346, 0, 10, '0000-00-00', 45),
(347, 1, 10, '0000-00-00', 3),
(348, 2, 10, '0000-00-00', 8),
(349, 0, 10, '0000-00-00', 45),
(350, 0, 10, '0000-00-00', 45),
(351, 1, 10, '0000-00-00', 3),
(352, 2, 10, '0000-00-00', 8),
(353, 0, 10, '0000-00-00', 45),
(354, 1, 10, '0000-00-00', 3),
(355, 2, 10, '0000-00-00', 8),
(356, 84562, 10, '0000-00-00', 0),
(357, 45128, 10, '0000-00-00', 0),
(358, 9, 10, '0000-00-00', 0),
(359, 10, 10, '0000-00-00', 0),
(360, 3, 10, '0000-00-00', 0),
(361, 2, 10, '0000-00-00', 8),
(362, 545394204, 10, '0000-00-00', 0),
(363, 84562, 10, '0000-00-00', 0),
(364, 45128, 10, '0000-00-00', 0),
(365, 9, 10, '0000-00-00', 0),
(366, 10, 10, '0000-00-00', 0),
(367, 3, 10, '0000-00-00', 0),
(368, 2, 10, '0000-00-00', 8),
(369, 545394204, 10, '0000-00-00', 0),
(370, 0, 10, '0000-00-00', 45),
(371, 1, 10, '0000-00-00', 3),
(372, 2, 10, '0000-00-00', 8),
(373, 0, 10, '0000-00-00', 45),
(374, 1, 10, '0000-00-00', 3),
(375, 2, 10, '0000-00-00', 8),
(376, 0, 10, '0000-00-00', 45),
(377, 1, 10, '0000-00-00', 3),
(378, 2, 10, '0000-00-00', 8),
(379, 0, 10, '0000-00-00', 45),
(380, 1, 10, '0000-00-00', 3),
(381, 2, 10, '0000-00-00', 8),
(382, 0, 10, '0000-00-00', 45),
(383, 1, 10, '0000-00-00', 3),
(384, 2, 10, '0000-00-00', 8),
(385, 0, 10, '0000-00-00', 45),
(386, 1, 10, '0000-00-00', 3),
(387, 2, 10, '0000-00-00', 8),
(388, 0, 10, '0000-00-00', 45),
(389, 1, 10, '0000-00-00', 3),
(390, 2, 10, '0000-00-00', 8),
(391, 0, 10, '0000-00-00', 45),
(392, 1, 10, '0000-00-00', 3),
(393, 2, 10, '0000-00-00', 8),
(394, 0, 10, '0000-00-00', 45),
(395, 1, 10, '0000-00-00', 3),
(396, 2, 10, '0000-00-00', 8),
(397, 0, 10, '0000-00-00', 45),
(398, 1, 10, '0000-00-00', 3),
(399, 2, 10, '0000-00-00', 8),
(400, 0, 10, '0000-00-00', 45),
(401, 1, 10, '0000-00-00', 3),
(402, 2, 10, '0000-00-00', 8),
(403, 0, 10, '0000-00-00', 45),
(404, 1, 10, '0000-00-00', 3),
(405, 2, 10, '0000-00-00', 8),
(406, 0, 10, '0000-00-00', 45),
(407, 1, 10, '0000-00-00', 3),
(408, 2, 10, '0000-00-00', 8),
(409, 0, 10, '0000-00-00', 45),
(410, 1, 10, '0000-00-00', 3),
(411, 2, 10, '0000-00-00', 8),
(412, 0, 10, '0000-00-00', 45),
(413, 1, 10, '0000-00-00', 3),
(414, 2, 10, '0000-00-00', 8),
(415, 0, 10, '0000-00-00', 45),
(416, 1, 10, '0000-00-00', 3),
(417, 2, 10, '0000-00-00', 8),
(418, 0, 10, '0000-00-00', 45),
(419, 1, 10, '0000-00-00', 3),
(420, 2, 10, '0000-00-00', 8),
(421, 0, 10, '0000-00-00', 45),
(422, 1, 10, '0000-00-00', 3),
(423, 2, 10, '0000-00-00', 8),
(424, 3, 10, '0000-00-00', 0),
(425, 45128, 10, '0000-00-00', 0),
(426, 0, 10, '0000-00-00', 45),
(427, 1, 10, '0000-00-00', 3),
(428, 2, 10, '0000-00-00', 8),
(429, 3, 10, '0000-00-00', 0),
(430, 45128, 10, '0000-00-00', 0),
(431, 0, 10, '0000-00-00', 45),
(432, 1, 10, '0000-00-00', 3),
(433, 2, 10, '0000-00-00', 8),
(434, 3, 10, '0000-00-00', 0),
(435, 45128, 10, '0000-00-00', 0),
(436, 2, 10, '0000-00-00', 8),
(437, 3, 10, '0000-00-00', 0),
(438, 9, 10, '0000-00-00', 0),
(439, 10, 10, '0000-00-00', 0),
(440, 2, 10, '0000-00-00', 8),
(441, 3, 10, '0000-00-00', 0),
(442, 9, 10, '0000-00-00', 0),
(443, 10, 10, '0000-00-00', 0),
(444, 0, 10, '0000-00-00', 45),
(445, 1, 10, '0000-00-00', 3),
(446, 2, 10, '0000-00-00', 8),
(447, 3, 10, '0000-00-00', 0),
(448, 9, 10, '0000-00-00', 0),
(449, 0, 10, '0000-00-00', 45),
(450, 1, 10, '0000-00-00', 3),
(451, 2, 10, '0000-00-00', 8),
(452, 3, 10, '0000-00-00', 0),
(453, 0, 10, '0000-00-00', 45),
(454, 1, 10, '0000-00-00', 3),
(455, 2, 10, '0000-00-00', 8),
(456, 3, 10, '0000-00-00', 0),
(457, 9, 10, '0000-00-00', 0),
(458, 0, 10, '0000-00-00', 45),
(459, 0, 10, '0000-00-00', 45),
(460, 1, 10, '0000-00-00', 3),
(461, 2, 10, '0000-00-00', 8),
(462, 1, 10, '0000-00-00', 3),
(463, 9, 10, '0000-00-00', 0),
(464, 3, 10, '0000-00-00', 0),
(465, 10, 10, '0000-00-00', 0),
(466, 0, 10, '0000-00-00', 45),
(467, 2, 10, '0000-00-00', 8),
(468, 45128, 10, '0000-00-00', 0),
(469, 84562, 10, '0000-00-00', 0),
(470, 1, 10, '0000-00-00', 3),
(471, 2, 10, '0000-00-00', 8),
(472, 324235922, 10, '0000-00-00', 100),
(473, 58591779, 10, '0000-00-00', 0),
(474, 690223494, 10, '0000-00-00', 152),
(475, 690223494, 10, '0000-00-00', 152),
(476, 610705284, 10, '0000-00-00', 0),
(477, 474746822, 10, '0000-00-00', 0),
(478, 3, 10, '0000-00-00', 0),
(479, 9, 10, '0000-00-00', 0),
(480, 10, 10, '0000-00-00', 0),
(481, 0, 10, '0000-00-00', 45),
(482, 5555, 10, '0000-00-00', 65),
(483, 45128, 10, '0000-00-00', 0),
(484, 84562, 10, '0000-00-00', 0),
(485, 85347211, 10, '0000-00-00', 50),
(486, 327768430, 10, '0000-00-00', 0),
(487, 41932046, 10, '0000-00-00', 0),
(488, 432442573, 10, '0000-00-00', 0),
(489, 545394204, 10, '0000-00-00', 0);

-- --------------------------------------------------------

--
-- Structure de la table `photos`
--

DROP TABLE IF EXISTS `photos`;
CREATE TABLE IF NOT EXISTS `photos` (
  `id_photo` int(11) NOT NULL,
  `nom_photo` varchar(45) NOT NULL,
  `taille_pixels_x` int(11) NOT NULL,
  `taille_pixels_y` int(11) NOT NULL,
  `poids` int(11) NOT NULL,
  `URL_photo` varchar(45) NOT NULL,
  `id_user` int(11) NOT NULL,
  `description` varchar(200) DEFAULT NULL,
  `prix` int(11) NOT NULL,
  `vendu` tinyint(4) NOT NULL,
  `date_up` date NOT NULL,
  PRIMARY KEY (`id_photo`),
  KEY `id_user_idx` (`id_user`)
) ENGINE=InnoDB DEFAULT CHARSET=latin1;

--
-- Déchargement des données de la table `photos`
--

INSERT INTO `photos` (`id_photo`, `nom_photo`, `taille_pixels_x`, `taille_pixels_y`, `poids`, `URL_photo`, `id_user`, `description`, `prix`, `vendu`, `date_up`) VALUES
(0, '133', 0, 133, 4222, 'photos/0Q84GafqyS7.png', 11, 'efsfs', 45, 10, '2000-05-05'),
(1, 'photo_superbeblalbalbalazdudhfhonhèegfez_gf_,', 2356, 1571, 3700, 'photo/3.jpg', 11, 'hnurgnsgrnhsnuhgrnhvsgrhnvsgrnhvgsrhuvghuvgrunvsehusvghuvsghhvhnuvhnuvehnuivfehqe hf iezohf uqezh hezfuoqehfqqoziqf hf uezhfqzo hfoehf oqezpfhzhf zuefhu ezpfhup ez', 3, 10, '2001-05-05'),
(2, 'fbkfrbkj', 152, 152, 151, 'photo/1.jpg', 11, NULL, 8, 10, '2002-05-05'),
(3, 'hukdfjn', 5422, 151, 151, 'photo/2.jpg', 11, NULL, 0, 10, '2002-05-05'),
(9, 'test', 1200, 900, 898, 'photo/11.png', 11, NULL, 0, 10, '2002-05-05'),
(10, 'dcbhbkh', 151, 1512, 8645, 'photo/4.jpg', 11, NULL, 0, 10, '2002-05-05'),
(5555, '133', 0, 133, 4222, 'photos/0pABFVUnW81.png', 11, 'qzdqzdsdezqds', 65, 10, '2002-05-05'),
(45128, 'fdcwf', 133, 133, 41506, 'photos/45128.png', 11, 'wsdfdf', 0, 10, '2003-05-05'),
(84562, 'asqd', 133, 133, 45134, 'photos/0qDXUXRRMq7.png', 11, 'dzqdqd', 0, 10, '2002-05-05'),
(41932046, 'NOUVEAUUUUU', 200, 133, 51034, 'photos/0041932046.png', 11, 'glhzqhktrh,ksrje,tbzrevtjhnyudhtrbuy', 0, 10, '2002-05-05'),
(58591779, 'dsfsrhdytjrt', 200, 200, 42767, 'photos/0058591779.png', 11, 'shdgjfuykjh', 0, 10, '2002-05-05'),
(85347211, 'évoàlè', 1920, 1080, 1623875, 'photos/0085347211.png', 11, 'azeééédefregràçççç', 50, 10, '0000-00-00'),
(324235922, 'TESSSSSTTTTEEEEE', 200, 133, 40523, 'photos/0324235922.png', 11, 'fqezfzfe', 100, 10, '2002-05-05'),
(327768430, 'zeese', 133, 133, 40523, 'photos/0327768430.png', 11, 'sezeze', 0, 10, '2004-05-05'),
(432442573, 'zeese', 133, 133, 40523, 'photos/0432442573.png', 11, 'sezeze', 0, 10, '2002-05-05'),
(474746822, 'qsrbfrblisgrbistbig', 200, 133, 51034, 'photos/0474746822.png', 11, 'vnrgiqgrnibpgr', 0, 10, '2002-05-05'),
(545394204, 'sasas', 200, 133, 41506, 'photos/0545394204.png', 11, 'ssddsqdzd', 0, 10, '2002-05-05'),
(610705284, 'qsrbfrblisgrbistbig', 200, 133, 51034, 'photos/0610705284.png', 11, 'vnrgiqgrnibpgr', 0, 10, '2002-05-05'),
(690223494, 'TEST', 200, 133, 45134, 'photos/0690223494.png', 11, 'sqfdqzd', 152, 10, '2002-05-05'),
(833093500, 'zqdqdzq', 200, 133, 41506, 'photos/0833093500.png', 11, 'dzqdqdzq', 5, 0, '2002-05-05'),
(844473033, 'afghjgfd', 133, 133, 51034, 'photos/0844473033.png', 11, 'efdsfsef', 0, 0, '2002-05-05'),
(2147483647, 'fdcwf', 133, 133, 41506, 'photos/054106202266370641473.png', 11, 'wsdfdf', 0, 0, '2002-05-05');

-- --------------------------------------------------------

--
-- Structure de la table `statistique`
--

DROP TABLE IF EXISTS `statistique`;
CREATE TABLE IF NOT EXISTS `statistique` (
  `date` datetime DEFAULT NULL,
  `valeurs` int(11) DEFAULT NULL
) ENGINE=MyISAM DEFAULT CHARSET=latin1;

--
-- Déchargement des données de la table `statistique`
--

INSERT INTO `statistique` (`date`, `valeurs`) VALUES
('2019-09-24 14:49:33', 337),
('2019-09-24 14:49:35', 337);

-- --------------------------------------------------------

--
-- Structure de la table `users`
--

DROP TABLE IF EXISTS `users`;
CREATE TABLE IF NOT EXISTS `users` (
  `id` int(11) NOT NULL AUTO_INCREMENT,
  `prenom` varchar(50) NOT NULL,
  `nom` varchar(50) NOT NULL,
  `type` varchar(50) NOT NULL,
  `mail` varchar(50) NOT NULL,
  `mdp` varchar(50) NOT NULL,
  `credit` int(11) DEFAULT NULL,
  `numtel` varchar(45) DEFAULT NULL,
  PRIMARY KEY (`id`),
  UNIQUE KEY `mail_UNIQUE` (`mail`)
) ENGINE=MyISAM AUTO_INCREMENT=12 DEFAULT CHARSET=latin1;

--
-- Déchargement des données de la table `users`
--

INSERT INTO `users` (`id`, `prenom`, `nom`, `type`, `mail`, `mdp`, `credit`, `numtel`) VALUES
(10, 'Alexis', 'Ottavi', 'Client', 'alexisottavi@gmail.com', 'azerty', 8836, '0642268987'),
(11, 'Anaa', 'Medinillaa', 'Photographe', 'jumedinilla@hotmail.fr', 'azerty', 16191, '064587245');

-- --------------------------------------------------------

--
-- Structure de la table `vente`
--

DROP TABLE IF EXISTS `vente`;
CREATE TABLE IF NOT EXISTS `vente` (
  `id` int(11) NOT NULL AUTO_INCREMENT,
  `id_photo` int(11) NOT NULL,
  `id_acheteur` int(11) NOT NULL,
  `prix` int(11) NOT NULL,
  PRIMARY KEY (`id`)
) ENGINE=MyISAM DEFAULT CHARSET=utf8mb4 COLLATE=utf8mb4_0900_ai_ci;
COMMIT;

/*!40101 SET CHARACTER_SET_CLIENT=@OLD_CHARACTER_SET_CLIENT */;
/*!40101 SET CHARACTER_SET_RESULTS=@OLD_CHARACTER_SET_RESULTS */;
/*!40101 SET COLLATION_CONNECTION=@OLD_COLLATION_CONNECTION */;
